time_step,drone_id,latitude,longitude,altitude,speed,heading,timestamp
0,Drone_1,32.8446,-97.2237,883,40,152,2025-10-11 12:22:20.872610
0,Drone_2,32.8447,-97.2236,885,37,246,2025-10-11 12:22:20.872632
0,Drone_3,40.7560,-74.0851,716,11,163,2025-10-11 12:22:20.872645
0,Drone_4,40.7561,-74.0850,718,41,142,2025-10-11 12:22:20.872657
0,Drone_5,48.1668,13.3579,503,15,183,2025-10-11 12:22:20.872669
0,Drone_6,48.1669,13.3580,504,40,84,2025-10-11 12:22:20.872681
0,Drone_7,42.4108,-71.3567,800,40,121,2025-10-11 12:22:20.872694
0,Drone_8,40.7802,-73.1259,46,11,200,2025-10-11 12:22:20.872706
0,Drone_9,12.957217,77.514612,201,47,51,2025-10-11 12:22:20.872718
0,Drone_10,12.912523,77.58284,298,41,359,2025-10-11 12:22:20.872729
0,Drone_11,12.988697,77.598509,226,45,5,2025-10-11 12:22:20.872740
0,Drone_12,12.961062,77.576463,108,43,198,2025-10-11 12:22:20.872752
0,Drone_13,12.9366,77.501742,365,45,161,2025-10-11 12:22:20.872763
0,Drone_14,12.982706,77.598721,119,14,133,2025-10-11 12:22:20.872774
0,Drone_15,12.979403,77.515878,175,37,321,2025-10-11 12:22:20.872785
0,Drone_16,12.900275,77.566068,58,10,52,2025-10-11 12:22:20.872797
0,Drone_17,12.972044,77.510929,290,19,10,2025-10-11 12:22:20.872808
0,Drone_18,12.911477,77.528767,179,25,79,2025-10-11 12:22:20.872819
0,Drone_19,12.924261,77.593221,164,14,66,2025-10-11 12:22:20.872830
0,Drone_20,12.983839,77.511984,182,39,154,2025-10-11 12:22:20.872841
0,Drone_21,12.995459,77.595326,367,22,76,2025-10-11 12:22:20.872852
0,Drone_22,12.909031,77.590264,168,17,117,2025-10-11 12:22:20.872863
0,Drone_23,12.973974,77.585408,351,42,130,2025-10-11 12:22:20.872874
0,Drone_24,12.930787,77.539097,279,27,97,2025-10-11 12:22:20.872885
0,Drone_25,12.921029,77.589025,368,11,103,2025-10-11 12:22:20.872897
0,Drone_26,12.980974,77.590143,100,49,257,2025-10-11 12:22:20.872908
0,Drone_27,12.957886,77.519098,282,11,334,2025-10-11 12:22:20.872919
0,Drone_28,12.919068,77.523323,214,40,332,2025-10-11 12:22:20.872930
0,Drone_29,12.91743,77.526221,104,15,319,2025-10-11 12:22:20.872941
0,Drone_30,12.908052,77.544594,151,21,266,2025-10-11 12:22:20.872952
1,Drone_1,12.91154,77.536767,302,40,152,2025-10-11 12:22:25.872610
1,Drone_2,12.918452,77.54647,81,37,246,2025-10-11 12:22:25.872632
1,Drone_3,12.959642,77.586205,118,11,163,2025-10-11 12:22:25.872645
1,Drone_4,12.989455,77.552995,222,41,142,2025-10-11 12:22:25.872657
1,Drone_5,12.989418,77.567753,392,15,183,2025-10-11 12:22:25.872669
1,Drone_6,12.993117,77.582868,94,40,84,2025-10-11 12:22:25.872681
1,Drone_7,12.989189,77.510636,126,40,121,2025-10-11 12:22:25.872694
1,Drone_8,12.912711,77.503124,319,11,200,2025-10-11 12:22:25.872706
1,Drone_9,12.957609,77.514174,196,47,51,2025-10-11 12:22:25.872718
1,Drone_10,12.912358,77.582361,297,41,359,2025-10-11 12:22:25.872729
1,Drone_11,12.987874,77.599064,228,45,5,2025-10-11 12:22:25.872740
1,Drone_12,12.960547,77.575805,103,43,198,2025-10-11 12:22:25.872752
1,Drone_13,12.937351,77.50241,363,45,161,2025-10-11 12:22:25.872763
1,Drone_14,12.982229,77.598279,123,14,133,2025-10-11 12:22:25.872774
1,Drone_15,12.979512,77.516332,176,37,321,2025-10-11 12:22:25.872785
1,Drone_16,12.900743,77.566295,62,10,52,2025-10-11 12:22:25.872797
1,Drone_17,12.972423,77.510181,289,19,10,2025-10-11 12:22:25.872808
1,Drone_18,12.910879,77.527771,180,25,79,2025-10-11 12:22:25.872819
1,Drone_19,12.924567,77.593342,165,14,66,2025-10-11 12:22:25.872830
1,Drone_20,12.98441,77.512564,185,39,154,2025-10-11 12:22:25.872841
1,Drone_21,12.995919,77.595319,363,22,76,2025-10-11 12:22:25.872852
1,Drone_22,12.909543,77.591008,170,17,117,2025-10-11 12:22:25.872863
1,Drone_23,12.97432,77.58496,347,42,130,2025-10-11 12:22:25.872874
1,Drone_24,12.930254,77.539883,277,27,97,2025-10-11 12:22:25.872885
1,Drone_25,12.921761,77.588419,364,11,103,2025-10-11 12:22:25.872897
1,Drone_26,12.980316,77.590616,100,49,257,2025-10-11 12:22:25.872908
1,Drone_27,12.95737,77.518587,279,11,334,2025-10-11 12:22:25.872919
1,Drone_28,12.91965,77.523308,212,40,332,2025-10-11 12:22:25.872930
1,Drone_29,12.917249,77.526608,99,15,319,2025-10-11 12:22:25.872941
1,Drone_30,12.907519,77.545309,147,21,266,2025-10-11 12:22:25.872952
2,Drone_1,12.911892,77.536214,301,40,152,2025-10-11 12:22:30.872610
2,Drone_2,12.919229,77.546675,83,37,246,2025-10-11 12:22:30.872632
2,Drone_3,12.959941,77.586227,116,11,163,2025-10-11 12:22:30.872645
2,Drone_4,12.989478,77.55342,218,41,142,2025-10-11 12:22:30.872657
2,Drone_5,12.989031,77.568251,396,15,183,2025-10-11 12:22:30.872669
2,Drone_6,12.993849,77.582072,95,40,84,2025-10-11 12:22:30.872681
2,Drone_7,12.988522,77.511255,121,40,121,2025-10-11 12:22:30.872694
2,Drone_8,12.913077,77.502307,321,11,200,2025-10-11 12:22:30.872706
2,Drone_9,12.9569,77.513756,196,47,51,2025-10-11 12:22:30.872718
2,Drone_10,12.911405,77.582337,296,41,359,2025-10-11 12:22:30.872729
2,Drone_11,12.986919,77.59889,228,45,5,2025-10-11 12:22:30.872740
2,Drone_12,12.960258,77.575445,103,43,198,2025-10-11 12:22:30.872752
2,Drone_13,12.937939,77.502775,365,45,161,2025-10-11 12:22:30.872763
2,Drone_14,12.98123,77.597649,119,14,133,2025-10-11 12:22:30.872774
2,Drone_15,12.979004,77.51648,179,37,321,2025-10-11 12:22:30.872785
2,Drone_16,12.901332,77.566713,61,10,52,2025-10-11 12:22:30.872797
2,Drone_17,12.972913,77.510253,293,19,10,2025-10-11 12:22:30.872808
2,Drone_18,12.910806,77.526952,181,25,79,2025-10-11 12:22:30.872819
2,Drone_19,12.92492,77.593441,164,14,66,2025-10-11 12:22:30.872830
2,Drone_20,12.983554,77.513514,182,39,154,2025-10-11 12:22:30.872841
2,Drone_21,12.995498,77.59619,365,22,76,2025-10-11 12:22:30.872852
2,Drone_22,12.909275,77.59124,170,17,117,2025-10-11 12:22:30.872863
2,Drone_23,12.975196,77.585843,348,42,130,2025-10-11 12:22:30.872874
2,Drone_24,12.929514,77.53891,272,27,97,2025-10-11 12:22:30.872885
2,Drone_25,12.920863,77.588549,363,11,103,2025-10-11 12:22:30.872897
2,Drone_26,12.980942,77.591586,99,49,257,2025-10-11 12:22:30.872908
2,Drone_27,12.958105,77.51871,282,11,334,2025-10-11 12:22:30.872919
2,Drone_28,12.919892,77.522384,207,40,332,2025-10-11 12:22:30.872930
2,Drone_29,12.917214,77.527276,99,15,319,2025-10-11 12:22:30.872941
2,Drone_30,12.907033,77.544759,148,21,266,2025-10-11 12:22:30.872952
3,Drone_1,12.911455,77.536548,297,40,152,2025-10-11 12:22:35.872610
3,Drone_2,12.918734,77.54694,80,37,246,2025-10-11 12:22:35.872632
3,Drone_3,12.959417,77.58706,120,11,163,2025-10-11 12:22:35.872645
3,Drone_4,12.990333,77.554058,218,41,142,2025-10-11 12:22:35.872657
3,Drone_5,12.989588,77.567885,396,15,183,2025-10-11 12:22:35.872669
3,Drone_6,12.994357,77.581855,96,40,84,2025-10-11 12:22:35.872681
3,Drone_7,12.988338,77.511046,125,40,121,2025-10-11 12:22:35.872694
3,Drone_8,12.913811,77.501386,324,11,200,2025-10-11 12:22:35.872706
3,Drone_9,12.956804,77.513203,195,47,51,2025-10-11 12:22:35.872718
3,Drone_10,12.911329,77.582259,297,41,359,2025-10-11 12:22:35.872729
3,Drone_11,12.985997,77.598906,227,45,5,2025-10-11 12:22:35.872740
3,Drone_12,12.960038,77.57535,104,43,198,2025-10-11 12:22:35.872752
3,Drone_13,12.938552,77.502208,366,45,161,2025-10-11 12:22:35.872763
3,Drone_14,12.980875,77.596792,116,14,133,2025-10-11 12:22:35.872774
3,Drone_15,12.978742,77.516857,176,37,321,2025-10-11 12:22:35.872785
3,Drone_16,12.9013,77.56728,59,10,52,2025-10-11 12:22:35.872797
3,Drone_17,12.973423,77.510225,289,19,10,2025-10-11 12:22:35.872808
3,Drone_18,12.910418,77.526643,182,25,79,2025-10-11 12:22:35.872819
3,Drone_19,12.925182,77.593835,162,14,66,2025-10-11 12:22:35.872830
3,Drone_20,12.983797,77.513423,185,39,154,2025-10-11 12:22:35.872841
3,Drone_21,12.996025,77.595999,361,22,76,2025-10-11 12:22:35.872852
3,Drone_22,12.909121,77.590338,170,17,117,2025-10-11 12:22:35.872863
3,Drone_23,12.975335,77.585936,343,42,130,2025-10-11 12:22:35.872874
3,Drone_24,12.928866,77.539436,267,27,97,2025-10-11 12:22:35.872885
3,Drone_25,12.921795,77.587678,363,11,103,2025-10-11 12:22:35.872897
3,Drone_26,12.980992,77.590714,99,49,257,2025-10-11 12:22:35.872908
3,Drone_27,12.957142,77.518907,279,11,334,2025-10-11 12:22:35.872919
3,Drone_28,12.9195,77.522614,202,40,332,2025-10-11 12:22:35.872930
3,Drone_29,12.91768,77.527544,102,15,319,2025-10-11 12:22:35.872941
3,Drone_30,12.906872,77.545354,146,21,266,2025-10-11 12:22:35.872952
4,Drone_1,12.912243,77.536199,292,40,152,2025-10-11 12:22:40.872610
4,Drone_2,12.918014,77.547233,78,37,246,2025-10-11 12:22:40.872632
4,Drone_3,12.959727,77.587327,124,11,163,2025-10-11 12:22:40.872645
4,Drone_4,12.989675,77.553962,217,41,142,2025-10-11 12:22:40.872657
4,Drone_5,12.989654,77.568267,393,15,183,2025-10-11 12:22:40.872669
4,Drone_6,12.993651,77.582147,94,40,84,2025-10-11 12:22:40.872681
4,Drone_7,12.98903,77.511007,128,40,121,2025-10-11 12:22:40.872694
4,Drone_8,12.914666,77.500744,324,11,200,2025-10-11 12:22:40.872706
4,Drone_9,12.956335,77.512667,195,47,51,2025-10-11 12:22:40.872718
4,Drone_10,12.91161,77.5826,301,41,359,2025-10-11 12:22:40.872729
4,Drone_11,12.985066,77.598868,231,45,5,2025-10-11 12:22:40.872740
4,Drone_12,12.960129,77.575482,106,43,198,2025-10-11 12:22:40.872752
4,Drone_13,12.938258,77.501983,365,45,161,2025-10-11 12:22:40.872763
4,Drone_14,12.980005,77.596047,120,14,133,2025-10-11 12:22:40.872774
4,Drone_15,12.978922,77.517704,174,37,321,2025-10-11 12:22:40.872785
4,Drone_16,12.901558,77.566415,54,10,52,2025-10-11 12:22:40.872797
4,Drone_17,12.973527,77.511002,290,19,10,2025-10-11 12:22:40.872808
4,Drone_18,12.91106,77.526005,182,25,79,2025-10-11 12:22:40.872819
4,Drone_19,12.925084,77.593168,158,14,66,2025-10-11 12:22:40.872830
4,Drone_20,12.98396,77.514328,180,39,154,2025-10-11 12:22:40.872841
4,Drone_21,12.996888,77.595544,363,22,76,2025-10-11 12:22:40.872852
4,Drone_22,12.908643,77.590592,173,17,117,2025-10-11 12:22:40.872863
4,Drone_23,12.975975,77.585042,340,42,130,2025-10-11 12:22:40.872874
4,Drone_24,12.929805,77.538878,263,27,97,2025-10-11 12:22:40.872885
4,Drone_25,12.92182,77.588398,366,11,103,2025-10-11 12:22:40.872897
4,Drone_26,12.981366,77.591319,103,49,257,2025-10-11 12:22:40.872908
4,Drone_27,12.956746,77.518546,278,11,334,2025-10-11 12:22:40.872919
4,Drone_28,12.919214,77.522716,200,40,332,2025-10-11 12:22:40.872930
4,Drone_29,12.918061,77.526594,97,15,319,2025-10-11 12:22:40.872941
4,Drone_30,12.906035,77.545883,147,21,266,2025-10-11 12:22:40.872952
5,Drone_1,12.912136,77.537152,294,40,152,2025-10-11 12:22:45.872610
5,Drone_2,12.918276,77.547791,75,37,246,2025-10-11 12:22:45.872632
5,Drone_3,12.95942,77.58656,120,11,163,2025-10-11 12:22:45.872645
5,Drone_4,12.990636,77.553294,216,41,142,2025-10-11 12:22:45.872657
5,Drone_5,12.990179,77.568512,388,15,183,2025-10-11 12:22:45.872669
5,Drone_6,12.993043,77.581746,94,40,84,2025-10-11 12:22:45.872681
5,Drone_7,12.988133,77.51104,132,40,121,2025-10-11 12:22:45.872694
5,Drone_8,12.914671,77.501305,320,11,200,2025-10-11 12:22:45.872706
5,Drone_9,12.955944,77.512609,191,47,51,2025-10-11 12:22:45.872718
5,Drone_10,12.911179,77.583082,296,41,359,2025-10-11 12:22:45.872729
5,Drone_11,12.985672,77.598453,233,45,5,2025-10-11 12:22:45.872740
5,Drone_12,12.960806,77.575156,101,43,198,2025-10-11 12:22:45.872752
5,Drone_13,12.939162,77.501278,364,45,161,2025-10-11 12:22:45.872763
5,Drone_14,12.979398,77.596803,123,14,133,2025-10-11 12:22:45.872774
5,Drone_15,12.978206,77.516926,173,37,321,2025-10-11 12:22:45.872785
5,Drone_16,12.901592,77.56722,51,10,52,2025-10-11 12:22:45.872797
5,Drone_17,12.974075,77.510766,287,19,10,2025-10-11 12:22:45.872808
5,Drone_18,12.911876,77.525834,177,25,79,2025-10-11 12:22:45.872819
5,Drone_19,12.925697,77.593489,157,14,66,2025-10-11 12:22:45.872830
5,Drone_20,12.984008,77.514122,178,39,154,2025-10-11 12:22:45.872841
5,Drone_21,12.9959,77.595371,363,22,76,2025-10-11 12:22:45.872852
5,Drone_22,12.908419,77.591041,175,17,117,2025-10-11 12:22:45.872863
5,Drone_23,12.976249,77.585446,338,42,130,2025-10-11 12:22:45.872874
5,Drone_24,12.929439,77.538223,259,27,97,2025-10-11 12:22:45.872885
5,Drone_25,12.921015,77.588259,365,11,103,2025-10-11 12:22:45.872897
5,Drone_26,12.980416,77.591225,98,49,257,2025-10-11 12:22:45.872908
5,Drone_27,12.957721,77.519071,277,11,334,2025-10-11 12:22:45.872919
5,Drone_28,12.918964,77.521786,197,40,332,2025-10-11 12:22:45.872930
5,Drone_29,12.918277,77.52676,101,15,319,2025-10-11 12:22:45.872941
5,Drone_30,12.905932,77.54676,143,21,266,2025-10-11 12:22:45.872952
6,Drone_1,12.911643,77.537554,289,40,152,2025-10-11 12:22:50.872610
6,Drone_2,12.919,77.548004,72,37,246,2025-10-11 12:22:50.872632
6,Drone_3,12.959328,77.587442,117,11,163,2025-10-11 12:22:50.872645
6,Drone_4,12.990222,77.553665,218,41,142,2025-10-11 12:22:50.872657
6,Drone_5,12.990448,77.569138,389,15,183,2025-10-11 12:22:50.872669
6,Drone_6,12.993939,77.580935,90,40,84,2025-10-11 12:22:50.872681
6,Drone_7,12.988912,77.510072,128,40,121,2025-10-11 12:22:50.872694
6,Drone_8,12.91424,77.502097,320,11,200,2025-10-11 12:22:50.872706
6,Drone_9,12.956422,77.512891,186,47,51,2025-10-11 12:22:50.872718
6,Drone_10,12.910467,77.584035,295,41,359,2025-10-11 12:22:50.872729
6,Drone_11,12.986525,77.598182,232,45,5,2025-10-11 12:22:50.872740
6,Drone_12,12.960347,77.574923,100,43,198,2025-10-11 12:22:50.872752
6,Drone_13,12.938172,77.50102,363,45,161,2025-10-11 12:22:50.872763
6,Drone_14,12.979518,77.596379,124,14,133,2025-10-11 12:22:50.872774
6,Drone_15,12.977994,77.517515,172,37,321,2025-10-11 12:22:50.872785
6,Drone_16,12.902155,77.567049,50,10,52,2025-10-11 12:22:50.872797
6,Drone_17,12.974025,77.510933,283,19,10,2025-10-11 12:22:50.872808
6,Drone_18,12.912226,77.525158,173,25,79,2025-10-11 12:22:50.872819
6,Drone_19,12.926607,77.594294,152,14,66,2025-10-11 12:22:50.872830
6,Drone_20,12.984185,77.513841,179,39,154,2025-10-11 12:22:50.872841
6,Drone_21,12.996063,77.596137,364,22,76,2025-10-11 12:22:50.872852
6,Drone_22,12.908916,77.591329,175,17,117,2025-10-11 12:22:50.872863
6,Drone_23,12.975282,77.585654,341,42,130,2025-10-11 12:22:50.872874
6,Drone_24,12.930058,77.538709,258,27,97,2025-10-11 12:22:50.872885
6,Drone_25,12.921039,77.588224,363,11,103,2025-10-11 12:22:50.872897
6,Drone_26,12.980845,77.591699,102,49,257,2025-10-11 12:22:50.872908
6,Drone_27,12.957637,77.518854,275,11,334,2025-10-11 12:22:50.872919
6,Drone_28,12.918627,77.521093,199,40,332,2025-10-11 12:22:50.872930
6,Drone_29,12.91788,77.526076,101,15,319,2025-10-11 12:22:50.872941
6,Drone_30,12.905681,77.547604,142,21,266,2025-10-11 12:22:50.872952
7,Drone_1,12.912247,77.536798,290,40,152,2025-10-11 12:22:55.872610
7,Drone_2,12.91932,77.547012,68,37,246,2025-10-11 12:22:55.872632
7,Drone_3,12.958767,77.587935,115,11,163,2025-10-11 12:22:55.872645
7,Drone_4,12.989621,77.554062,221,41,142,2025-10-11 12:22:55.872657
7,Drone_5,12.99068,77.569317,390,15,183,2025-10-11 12:22:55.872669
7,Drone_6,12.993377,77.580114,87,40,84,2025-10-11 12:22:55.872681
7,Drone_7,12.988676,77.510336,132,40,121,2025-10-11 12:22:55.872694
7,Drone_8,12.91393,77.501589,317,11,200,2025-10-11 12:22:55.872706
7,Drone_9,12.955474,77.512822,188,47,51,2025-10-11 12:22:55.872718
7,Drone_10,12.910988,77.583804,294,41,359,2025-10-11 12:22:55.872729
7,Drone_11,12.986899,77.599124,235,45,5,2025-10-11 12:22:55.872740
7,Drone_12,12.959584,77.575218,104,43,198,2025-10-11 12:22:55.872752
7,Drone_13,12.938328,77.50006,358,45,161,2025-10-11 12:22:55.872763
7,Drone_14,12.979886,77.596347,125,14,133,2025-10-11 12:22:55.872774
7,Drone_15,12.97813,77.517534,173,37,321,2025-10-11 12:22:55.872785
7,Drone_16,12.901985,77.567602,49,10,52,2025-10-11 12:22:55.872797
7,Drone_17,12.974834,77.511415,281,19,10,2025-10-11 12:22:55.872808
7,Drone_18,12.911695,77.52428,170,25,79,2025-10-11 12:22:55.872819
7,Drone_19,12.926207,77.595177,156,14,66,2025-10-11 12:22:55.872830
7,Drone_20,12.984434,77.51342,180,39,154,2025-10-11 12:22:55.872841
7,Drone_21,12.99613,77.595484,368,22,76,2025-10-11 12:22:55.872852
7,Drone_22,12.909261,77.592222,176,17,117,2025-10-11 12:22:55.872863
7,Drone_23,12.97586,77.585239,340,42,130,2025-10-11 12:22:55.872874
7,Drone_24,12.929291,77.539167,255,27,97,2025-10-11 12:22:55.872885
7,Drone_25,12.920859,77.587352,362,11,103,2025-10-11 12:22:55.872897
7,Drone_26,12.98007,77.592392,99,49,257,2025-10-11 12:22:55.872908
7,Drone_27,12.95741,77.519294,277,11,334,2025-10-11 12:22:55.872919
7,Drone_28,12.919442,77.521674,198,40,332,2025-10-11 12:22:55.872930
7,Drone_29,12.917885,77.527015,105,15,319,2025-10-11 12:22:55.872941
7,Drone_30,12.904765,77.548249,144,21,266,2025-10-11 12:22:55.872952
8,Drone_1,12.912015,77.537291,291,40,152,2025-10-11 12:23:00.872610
8,Drone_2,12.920213,77.547632,65,37,246,2025-10-11 12:23:00.872632
8,Drone_3,12.957838,77.587579,112,11,163,2025-10-11 12:23:00.872645
8,Drone_4,12.98998,77.553223,217,41,142,2025-10-11 12:23:00.872657
8,Drone_5,12.990835,77.569113,392,15,183,2025-10-11 12:23:00.872669
8,Drone_6,12.993384,77.579347,91,40,84,2025-10-11 12:23:00.872681
8,Drone_7,12.988284,77.509452,131,40,121,2025-10-11 12:23:00.872694
8,Drone_8,12.91301,77.501561,321,11,200,2025-10-11 12:23:00.872706
8,Drone_9,12.955892,77.512484,190,47,51,2025-10-11 12:23:00.872718
8,Drone_10,12.911769,77.582967,296,41,359,2025-10-11 12:23:00.872729
8,Drone_11,12.986558,77.599603,230,45,5,2025-10-11 12:23:00.872740
8,Drone_12,12.959294,77.575743,102,43,198,2025-10-11 12:23:00.872752
8,Drone_13,12.93858,77.500707,357,45,161,2025-10-11 12:23:00.872763
8,Drone_14,12.980036,77.596203,122,14,133,2025-10-11 12:23:00.872774
8,Drone_15,12.977694,77.518134,170,37,321,2025-10-11 12:23:00.872785
8,Drone_16,12.901218,77.567581,45,10,52,2025-10-11 12:23:00.872797
8,Drone_17,12.975461,77.511967,276,19,10,2025-10-11 12:23:00.872808
8,Drone_18,12.91225,77.52335,168,25,79,2025-10-11 12:23:00.872819
8,Drone_19,12.926552,77.595896,154,14,66,2025-10-11 12:23:00.872830
8,Drone_20,12.98542,77.513434,175,39,154,2025-10-11 12:23:00.872841
8,Drone_21,12.996824,77.596091,371,22,76,2025-10-11 12:23:00.872852
8,Drone_22,12.910136,77.592197,177,17,117,2025-10-11 12:23:00.872863
8,Drone_23,12.976757,77.584636,342,42,130,2025-10-11 12:23:00.872874
8,Drone_24,12.930007,77.538591,258,27,97,2025-10-11 12:23:00.872885
8,Drone_25,12.919969,77.587622,365,11,103,2025-10-11 12:23:00.872897
8,Drone_26,12.980886,77.592123,97,49,257,2025-10-11 12:23:00.872908
8,Drone_27,12.958013,77.519498,277,11,334,2025-10-11 12:23:00.872919
8,Drone_28,12.920026,77.522501,194,40,332,2025-10-11 12:23:00.872930
8,Drone_29,12.918874,77.526331,103,15,319,2025-10-11 12:23:00.872941
8,Drone_30,12.905492,77.547586,140,21,266,2025-10-11 12:23:00.872952
9,Drone_1,12.9116,77.537252,286,40,152,2025-10-11 12:23:05.872610
9,Drone_2,12.919759,77.547162,69,37,246,2025-10-11 12:23:05.872632
9,Drone_3,12.957664,77.587467,116,11,163,2025-10-11 12:23:05.872645
9,Drone_4,12.990751,77.553248,213,41,142,2025-10-11 12:23:05.872657
9,Drone_5,12.991203,77.568716,390,15,183,2025-10-11 12:23:05.872669
9,Drone_6,12.993019,77.579538,89,40,84,2025-10-11 12:23:05.872681
9,Drone_7,12.988723,77.508873,132,40,121,2025-10-11 12:23:05.872694
9,Drone_8,12.913043,77.501917,316,11,200,2025-10-11 12:23:05.872706
9,Drone_9,12.955041,77.512151,189,47,51,2025-10-11 12:23:05.872718
9,Drone_10,12.91115,77.583617,297,41,359,2025-10-11 12:23:05.872729
9,Drone_11,12.986234,77.599557,227,45,5,2025-10-11 12:23:05.872740
9,Drone_12,12.958938,77.57536,101,43,198,2025-10-11 12:23:05.872752
9,Drone_13,12.938131,77.50008,354,45,161,2025-10-11 12:23:05.872763
9,Drone_14,12.980339,77.59533,126,14,133,2025-10-11 12:23:05.872774
9,Drone_15,12.977986,77.517403,168,37,321,2025-10-11 12:23:05.872785
9,Drone_16,12.901177,77.567527,41,10,52,2025-10-11 12:23:05.872797
9,Drone_17,12.97465,77.511176,276,19,10,2025-10-11 12:23:05.872808
9,Drone_18,12.911483,77.522686,167,25,79,2025-10-11 12:23:05.872819
9,Drone_19,12.927124,77.596043,149,14,66,2025-10-11 12:23:05.872830
9,Drone_20,12.985041,77.513059,179,39,154,2025-10-11 12:23:05.872841
9,Drone_21,12.996517,77.59516,375,22,76,2025-10-11 12:23:05.872852
9,Drone_22,12.909731,77.59256,181,17,117,2025-10-11 12:23:05.872863
9,Drone_23,12.977618,77.584271,346,42,130,2025-10-11 12:23:05.872874
9,Drone_24,12.929429,77.538526,257,27,97,2025-10-11 12:23:05.872885
9,Drone_25,12.919762,77.588034,363,11,103,2025-10-11 12:23:05.872897
9,Drone_26,12.981295,77.591297,97,49,257,2025-10-11 12:23:05.872908
9,Drone_27,12.957379,77.519062,279,11,334,2025-10-11 12:23:05.872919
9,Drone_28,12.919481,77.521908,195,40,332,2025-10-11 12:23:05.872930
9,Drone_29,12.918913,77.525392,106,15,319,2025-10-11 12:23:05.872941
9,Drone_30,12.906259,77.547717,135,21,266,2025-10-11 12:23:05.872952
10,Drone_1,12.910828,77.537099,281,40,152,2025-10-11 12:23:10.872610
10,Drone_2,12.919707,77.547783,64,37,246,2025-10-11 12:23:10.872632
10,Drone_3,12.95801,77.587776,113,11,163,2025-10-11 12:23:10.872645
10,Drone_4,12.991727,77.553292,210,41,142,2025-10-11 12:23:10.872657
10,Drone_5,12.991595,77.568534,389,15,183,2025-10-11 12:23:10.872669
10,Drone_6,12.993081,77.580175,92,40,84,2025-10-11 12:23:10.872681
10,Drone_7,12.989674,77.508523,136,40,121,2025-10-11 12:23:10.872694
10,Drone_8,12.912887,77.502801,311,11,200,2025-10-11 12:23:10.872706
10,Drone_9,12.955348,77.511834,187,47,51,2025-10-11 12:23:10.872718
10,Drone_10,12.910307,77.583983,296,41,359,2025-10-11 12:23:10.872729
10,Drone_11,12.985985,77.598848,226,45,5,2025-10-11 12:23:10.872740
10,Drone_12,12.959566,77.576043,98,43,198,2025-10-11 12:23:10.872752
10,Drone_13,12.939017,77.501002,358,45,161,2025-10-11 12:23:10.872763
10,Drone_14,12.980593,77.595123,129,14,133,2025-10-11 12:23:10.872774
10,Drone_15,12.978811,77.517942,172,37,321,2025-10-11 12:23:10.872785
10,Drone_16,12.900981,77.566769,37,10,52,2025-10-11 12:23:10.872797
10,Drone_17,12.974574,77.511013,277,19,10,2025-10-11 12:23:10.872808
10,Drone_18,12.912152,77.522741,168,25,79,2025-10-11 12:23:10.872819
10,Drone_19,12.926347,77.596165,152,14,66,2025-10-11 12:23:10.872830
10,Drone_20,12.985914,77.512322,175,39,154,2025-10-11 12:23:10.872841
10,Drone_21,12.997136,77.595341,370,22,76,2025-10-11 12:23:10.872852
10,Drone_22,12.908978,77.592071,185,17,117,2025-10-11 12:23:10.872863
10,Drone_23,12.978471,77.58398,350,42,130,2025-10-11 12:23:10.872874
10,Drone_24,12.928732,77.539155,257,27,97,2025-10-11 12:23:10.872885
10,Drone_25,12.92055,77.587938,361,11,103,2025-10-11 12:23:10.872897
10,Drone_26,12.981083,77.591185,96,49,257,2025-10-11 12:23:10.872908
10,Drone_27,12.956754,77.518552,279,11,334,2025-10-11 12:23:10.872919
10,Drone_28,12.919087,77.522508,190,40,332,2025-10-11 12:23:10.872930
10,Drone_29,12.91865,77.525933,110,15,319,2025-10-11 12:23:10.872941
10,Drone_30,12.90562,77.548522,133,21,266,2025-10-11 12:23:10.872952
11,Drone_1,12.910049,77.537722,281,40,152,2025-10-11 12:23:15.872610
11,Drone_2,12.919464,77.547905,66,37,246,2025-10-11 12:23:15.872632
11,Drone_3,12.957639,77.587879,109,11,163,2025-10-11 12:23:15.872645
11,Drone_4,12.991233,77.552605,214,41,142,2025-10-11 12:23:15.872657
11,Drone_5,12.991114,77.569088,384,15,183,2025-10-11 12:23:15.872669
11,Drone_6,12.992501,77.581055,87,40,84,2025-10-11 12:23:15.872681
11,Drone_7,12.990453,77.509379,140,40,121,2025-10-11 12:23:15.872694
11,Drone_8,12.91305,77.502843,310,11,200,2025-10-11 12:23:15.872706
11,Drone_9,12.955087,77.511784,184,47,51,2025-10-11 12:23:15.872718
11,Drone_10,12.910901,77.58367,295,41,359,2025-10-11 12:23:15.872729
11,Drone_11,12.986465,77.59834,229,45,5,2025-10-11 12:23:15.872740
11,Drone_12,12.960072,77.575718,94,43,198,2025-10-11 12:23:15.872752
11,Drone_13,12.939153,77.501584,360,45,161,2025-10-11 12:23:15.872763
11,Drone_14,12.97966,77.594709,124,14,133,2025-10-11 12:23:15.872774
11,Drone_15,12.979596,77.518141,172,37,321,2025-10-11 12:23:15.872785
11,Drone_16,12.900827,77.56705,39,10,52,2025-10-11 12:23:15.872797
11,Drone_17,12.973785,77.510255,278,19,10,2025-10-11 12:23:15.872808
11,Drone_18,12.912274,77.523049,172,25,79,2025-10-11 12:23:15.872819
11,Drone_19,12.926922,77.596892,154,14,66,2025-10-11 12:23:15.872830
11,Drone_20,12.986384,77.512513,170,39,154,2025-10-11 12:23:15.872841
11,Drone_21,12.997839,77.594747,370,22,76,2025-10-11 12:23:15.872852
11,Drone_22,12.908591,77.591892,187,17,117,2025-10-11 12:23:15.872863
11,Drone_23,12.978401,77.584486,352,42,130,2025-10-11 12:23:15.872874
11,Drone_24,12.928467,77.539679,259,27,97,2025-10-11 12:23:15.872885
11,Drone_25,12.919699,77.588093,360,11,103,2025-10-11 12:23:15.872897
11,Drone_26,12.981222,77.591468,99,49,257,2025-10-11 12:23:15.872908
11,Drone_27,12.957272,77.519372,281,11,334,2025-10-11 12:23:15.872919
11,Drone_28,12.920053,77.522939,193,40,332,2025-10-11 12:23:15.872930
11,Drone_29,12.917656,77.526168,112,15,319,2025-10-11 12:23:15.872941
11,Drone_30,12.906459,77.549175,135,21,266,2025-10-11 12:23:15.872952
12,Drone_1,12.910204,77.537571,277,40,152,2025-10-11 12:23:20.872610
12,Drone_2,12.918943,77.548226,68,37,246,2025-10-11 12:23:20.872632
12,Drone_3,12.957679,77.587995,105,11,163,2025-10-11 12:23:20.872645
12,Drone_4,12.991564,77.552559,218,41,142,2025-10-11 12:23:20.872657
12,Drone_5,12.990791,77.569021,388,15,183,2025-10-11 12:23:20.872669
12,Drone_6,12.99296,77.581068,88,40,84,2025-10-11 12:23:20.872681
12,Drone_7,12.990599,77.50972,138,40,121,2025-10-11 12:23:20.872694
12,Drone_8,12.913703,77.502192,308,11,200,2025-10-11 12:23:20.872706
12,Drone_9,12.954552,77.511725,182,47,51,2025-10-11 12:23:20.872718
12,Drone_10,12.910717,77.583068,294,41,359,2025-10-11 12:23:20.872729
12,Drone_11,12.987021,77.598603,232,45,5,2025-10-11 12:23:20.872740
12,Drone_12,12.959691,77.576242,92,43,198,2025-10-11 12:23:20.872752
12,Drone_13,12.938996,77.500611,357,45,161,2025-10-11 12:23:20.872763
12,Drone_14,12.980104,77.594503,124,14,133,2025-10-11 12:23:20.872774
12,Drone_15,12.978819,77.519135,168,37,321,2025-10-11 12:23:20.872785
12,Drone_16,12.900391,77.566309,38,10,52,2025-10-11 12:23:20.872797
12,Drone_17,12.973329,77.511019,278,19,10,2025-10-11 12:23:20.872808
12,Drone_18,12.913213,77.523401,172,25,79,2025-10-11 12:23:20.872819
12,Drone_19,12.926831,77.596546,154,14,66,2025-10-11 12:23:20.872830
12,Drone_20,12.986639,77.512921,167,39,154,2025-10-11 12:23:20.872841
12,Drone_21,12.998559,77.594954,373,22,76,2025-10-11 12:23:20.872852
12,Drone_22,12.909436,77.591418,184,17,117,2025-10-11 12:23:20.872863
12,Drone_23,12.977423,77.585077,353,42,130,2025-10-11 12:23:20.872874
12,Drone_24,12.929303,77.540331,262,27,97,2025-10-11 12:23:20.872885
12,Drone_25,12.920307,77.588047,359,11,103,2025-10-11 12:23:20.872897
12,Drone_26,12.982155,77.59089,98,49,257,2025-10-11 12:23:20.872908
12,Drone_27,12.956534,77.518839,276,11,334,2025-10-11 12:23:20.872919
12,Drone_28,12.920259,77.522594,193,40,332,2025-10-11 12:23:20.872930
12,Drone_29,12.917048,77.525958,116,15,319,2025-10-11 12:23:20.872941
12,Drone_30,12.90562,77.550106,134,21,266,2025-10-11 12:23:20.872952
13,Drone_1,12.910787,77.537942,273,40,152,2025-10-11 12:23:25.872610
13,Drone_2,12.919619,77.547471,72,37,246,2025-10-11 12:23:25.872632
13,Drone_3,12.95738,77.588945,104,11,163,2025-10-11 12:23:25.872645
13,Drone_4,12.990626,77.553028,216,41,142,2025-10-11 12:23:25.872657
13,Drone_5,12.990602,77.568246,392,15,183,2025-10-11 12:23:25.872669
13,Drone_6,12.992255,77.580652,88,40,84,2025-10-11 12:23:25.872681
13,Drone_7,12.99026,77.510557,133,40,121,2025-10-11 12:23:25.872694
13,Drone_8,12.913235,77.50317,306,11,200,2025-10-11 12:23:25.872706
13,Drone_9,12.954991,77.511303,183,47,51,2025-10-11 12:23:25.872718
13,Drone_10,12.910598,77.583463,292,41,359,2025-10-11 12:23:25.872729
13,Drone_11,12.986095,77.598683,233,45,5,2025-10-11 12:23:25.872740
13,Drone_12,12.9599,77.577055,90,43,198,2025-10-11 12:23:25.872752
13,Drone_13,12.939349,77.499803,361,45,161,2025-10-11 12:23:25.872763
13,Drone_14,12.980628,77.594125,121,14,133,2025-10-11 12:23:25.872774
13,Drone_15,12.979015,77.518851,169,37,321,2025-10-11 12:23:25.872785
13,Drone_16,12.900002,77.565907,39,10,52,2025-10-11 12:23:25.872797
13,Drone_17,12.973516,77.511561,281,19,10,2025-10-11 12:23:25.872808
13,Drone_18,12.912282,77.523334,169,25,79,2025-10-11 12:23:25.872819
13,Drone_19,12.927259,77.59732,157,14,66,2025-10-11 12:23:25.872830
13,Drone_20,12.986669,77.512159,167,39,154,2025-10-11 12:23:25.872841
13,Drone_21,12.998701,77.594091,373,22,76,2025-10-11 12:23:25.872852
13,Drone_22,12.909589,77.592091,187,17,117,2025-10-11 12:23:25.872863
13,Drone_23,12.978073,77.585778,353,42,130,2025-10-11 12:23:25.872874
13,Drone_24,12.928599,77.539744,265,27,97,2025-10-11 12:23:25.872885
13,Drone_25,12.919455,77.58859,363,11,103,2025-10-11 12:23:25.872897
13,Drone_26,12.982957,77.591086,96,49,257,2025-10-11 12:23:25.872908
13,Drone_27,12.957006,77.519454,273,11,334,2025-10-11 12:23:25.872919
13,Drone_28,12.920952,77.522733,190,40,332,2025-10-11 12:23:25.872930
13,Drone_29,12.91612,77.526734,113,15,319,2025-10-11 12:23:25.872941
13,Drone_30,12.905931,77.550396,129,21,266,2025-10-11 12:23:25.872952
14,Drone_1,12.910623,77.537458,268,40,152,2025-10-11 12:23:30.872610
14,Drone_2,12.91937,77.547179,68,37,246,2025-10-11 12:23:30.872632
14,Drone_3,12.958164,77.588534,106,11,163,2025-10-11 12:23:30.872645
14,Drone_4,12.989874,77.552933,217,41,142,2025-10-11 12:23:30.872657
14,Drone_5,12.990513,77.568754,396,15,183,2025-10-11 12:23:30.872669
14,Drone_6,12.992346,77.580544,92,40,84,2025-10-11 12:23:30.872681
14,Drone_7,12.989601,77.51081,130,40,121,2025-10-11 12:23:30.872694
14,Drone_8,12.912321,77.50274,308,11,200,2025-10-11 12:23:30.872706
14,Drone_9,12.955562,77.511661,179,47,51,2025-10-11 12:23:30.872718
14,Drone_10,12.911512,77.582812,295,41,359,2025-10-11 12:23:30.872729
14,Drone_11,12.985406,77.599079,233,45,5,2025-10-11 12:23:30.872740
14,Drone_12,12.960864,77.576095,93,43,198,2025-10-11 12:23:30.872752
14,Drone_13,12.939147,77.499789,358,45,161,2025-10-11 12:23:30.872763
14,Drone_14,12.981035,77.595025,118,14,133,2025-10-11 12:23:30.872774
14,Drone_15,12.979611,77.519339,169,37,321,2025-10-11 12:23:30.872785
14,Drone_16,12.899671,77.565812,39,10,52,2025-10-11 12:23:30.872797
14,Drone_17,12.973692,77.511694,277,19,10,2025-10-11 12:23:30.872808
14,Drone_18,12.912113,77.523289,169,25,79,2025-10-11 12:23:30.872819
14,Drone_19,12.927457,77.597392,156,14,66,2025-10-11 12:23:30.872830
14,Drone_20,12.98703,77.512,164,39,154,2025-10-11 12:23:30.872841
14,Drone_21,12.999449,77.593619,376,22,76,2025-10-11 12:23:30.872852
14,Drone_22,12.909495,77.591526,184,17,117,2025-10-11 12:23:30.872863
14,Drone_23,12.978743,77.586519,349,42,130,2025-10-11 12:23:30.872874
14,Drone_24,12.928368,77.540054,261,27,97,2025-10-11 12:23:30.872885
14,Drone_25,12.918903,77.589555,361,11,103,2025-10-11 12:23:30.872897
14,Drone_26,12.982024,77.59136,91,49,257,2025-10-11 12:23:30.872908
14,Drone_27,12.957972,77.519011,269,11,334,2025-10-11 12:23:30.872919
14,Drone_28,12.920102,77.522497,191,40,332,2025-10-11 12:23:30.872930
14,Drone_29,12.915172,77.527457,108,15,319,2025-10-11 12:23:30.872941
14,Drone_30,12.906655,77.550038,129,21,266,2025-10-11 12:23:30.872952
15,Drone_1,12.909669,77.537458,266,40,152,2025-10-11 12:23:35.872610
15,Drone_2,12.918684,77.547337,67,37,246,2025-10-11 12:23:35.872632
15,Drone_3,12.958518,77.588663,107,11,163,2025-10-11 12:23:35.872645
15,Drone_4,12.989288,77.55253,220,41,142,2025-10-11 12:23:35.872657
15,Drone_5,12.990855,77.569513,392,15,183,2025-10-11 12:23:35.872669
15,Drone_6,12.991999,77.57994,90,40,84,2025-10-11 12:23:35.872681
15,Drone_7,12.988917,77.510655,127,40,121,2025-10-11 12:23:35.872694
15,Drone_8,12.9116,77.502009,306,11,200,2025-10-11 12:23:35.872706
15,Drone_9,12.955538,77.512296,179,47,51,2025-10-11 12:23:35.872718
15,Drone_10,12.911662,77.583214,291,41,359,2025-10-11 12:23:35.872729
15,Drone_11,12.98495,77.60002,229,45,5,2025-10-11 12:23:35.872740
15,Drone_12,12.960033,77.576155,88,43,198,2025-10-11 12:23:35.872752
15,Drone_13,12.939031,77.499715,359,45,161,2025-10-11 12:23:35.872763
15,Drone_14,12.98065,77.594512,120,14,133,2025-10-11 12:23:35.872774
15,Drone_15,12.980475,77.520151,172,37,321,2025-10-11 12:23:35.872785
15,Drone_16,12.899615,77.565417,43,10,52,2025-10-11 12:23:35.872797
15,Drone_17,12.972921,77.512374,278,19,10,2025-10-11 12:23:35.872808
15,Drone_18,12.911586,77.524258,173,25,79,2025-10-11 12:23:35.872819
15,Drone_19,12.927347,77.597409,154,14,66,2025-10-11 12:23:35.872830
15,Drone_20,12.986466,77.51219,164,39,154,2025-10-11 12:23:35.872841
15,Drone_21,12.998529,77.592847,378,22,76,2025-10-11 12:23:35.872852
15,Drone_22,12.909979,77.59191,182,17,117,2025-10-11 12:23:35.872863
15,Drone_23,12.977878,77.586533,349,42,130,2025-10-11 12:23:35.872874
15,Drone_24,12.928192,77.54022,264,27,97,2025-10-11 12:23:35.872885
15,Drone_25,12.91874,77.588559,362,11,103,2025-10-11 12:23:35.872897
15,Drone_26,12.981104,77.591668,87,49,257,2025-10-11 12:23:35.872908
15,Drone_27,12.958241,77.518064,266,11,334,2025-10-11 12:23:35.872919
15,Drone_28,12.920628,77.523009,187,40,332,2025-10-11 12:23:35.872930
15,Drone_29,12.915105,77.526829,106,15,319,2025-10-11 12:23:35.872941
15,Drone_30,12.90599,77.550248,132,21,266,2025-10-11 12:23:35.872952
16,Drone_1,12.910331,77.537645,262,40,152,2025-10-11 12:23:40.872610
16,Drone_2,12.919592,77.548282,65,37,246,2025-10-11 12:23:40.872632
16,Drone_3,12.958006,77.589656,111,11,163,2025-10-11 12:23:40.872645
16,Drone_4,12.98902,77.552401,216,41,142,2025-10-11 12:23:40.872657
16,Drone_5,12.991039,77.568744,396,15,183,2025-10-11 12:23:40.872669
16,Drone_6,12.991407,77.580551,87,40,84,2025-10-11 12:23:40.872681
16,Drone_7,12.989154,77.50982,123,40,121,2025-10-11 12:23:40.872694
16,Drone_8,12.910724,77.502056,305,11,200,2025-10-11 12:23:40.872706
16,Drone_9,12.956224,77.511347,179,47,51,2025-10-11 12:23:40.872718
16,Drone_10,12.912178,77.583033,294,41,359,2025-10-11 12:23:40.872729
16,Drone_11,12.984072,77.599907,228,45,5,2025-10-11 12:23:40.872740
16,Drone_12,12.959461,77.576613,89,43,198,2025-10-11 12:23:40.872752
16,Drone_13,12.938323,77.500091,355,45,161,2025-10-11 12:23:40.872763
16,Drone_14,12.981394,77.594154,115,14,133,2025-10-11 12:23:40.872774
16,Drone_15,12.980945,77.519495,172,37,321,2025-10-11 12:23:40.872785
16,Drone_16,12.899123,77.566331,42,10,52,2025-10-11 12:23:40.872797
16,Drone_17,12.973748,77.51233,279,19,10,2025-10-11 12:23:40.872808
16,Drone_18,12.911248,77.523737,171,25,79,2025-10-11 12:23:40.872819
16,Drone_19,12.927826,77.596625,153,14,66,2025-10-11 12:23:40.872830
16,Drone_20,12.985667,77.512989,168,39,154,2025-10-11 12:23:40.872841
16,Drone_21,12.999317,77.593247,381,22,76,2025-10-11 12:23:40.872852
16,Drone_22,12.910189,77.591761,177,17,117,2025-10-11 12:23:40.872863
16,Drone_23,12.978213,77.585627,350,42,130,2025-10-11 12:23:40.872874
16,Drone_24,12.92737,77.539512,266,27,97,2025-10-11 12:23:40.872885
16,Drone_25,12.918156,77.588952,365,11,103,2025-10-11 12:23:40.872897
16,Drone_26,12.981727,77.590946,85,49,257,2025-10-11 12:23:40.872908
16,Drone_27,12.959051,77.517641,268,11,334,2025-10-11 12:23:40.872919
16,Drone_28,12.920351,77.522635,183,40,332,2025-10-11 12:23:40.872930
16,Drone_29,12.91477,77.526381,106,15,319,2025-10-11 12:23:40.872941
16,Drone_30,12.90555,77.550504,130,21,266,2025-10-11 12:23:40.872952
17,Drone_1,12.911036,77.53706,257,40,152,2025-10-11 12:23:45.872610
17,Drone_2,12.918592,77.548139,62,37,246,2025-10-11 12:23:45.872632
17,Drone_3,12.958384,77.588682,108,11,163,2025-10-11 12:23:45.872645
17,Drone_4,12.988718,77.552596,218,41,142,2025-10-11 12:23:45.872657
17,Drone_5,12.991771,77.568969,397,15,183,2025-10-11 12:23:45.872669
17,Drone_6,12.991613,77.580679,83,40,84,2025-10-11 12:23:45.872681
17,Drone_7,12.988848,77.509814,119,40,121,2025-10-11 12:23:45.872694
17,Drone_8,12.910882,77.502334,302,11,200,2025-10-11 12:23:45.872706
17,Drone_9,12.957073,77.512087,178,47,51,2025-10-11 12:23:45.872718
17,Drone_10,12.912552,77.582453,289,41,359,2025-10-11 12:23:45.872729
17,Drone_11,12.983664,77.599646,225,45,5,2025-10-11 12:23:45.872740
17,Drone_12,12.959627,77.576619,88,43,198,2025-10-11 12:23:45.872752
17,Drone_13,12.939022,77.499363,351,45,161,2025-10-11 12:23:45.872763
17,Drone_14,12.982254,77.594494,116,14,133,2025-10-11 12:23:45.872774
17,Drone_15,12.981696,77.518501,171,37,321,2025-10-11 12:23:45.872785
17,Drone_16,12.898267,77.566057,46,10,52,2025-10-11 12:23:45.872797
17,Drone_17,12.973425,77.513198,277,19,10,2025-10-11 12:23:45.872808
17,Drone_18,12.912077,77.523667,166,25,79,2025-10-11 12:23:45.872819
17,Drone_19,12.928737,77.596128,154,14,66,2025-10-11 12:23:45.872830
17,Drone_20,12.985522,77.513825,171,39,154,2025-10-11 12:23:45.872841
17,Drone_21,12.999187,77.592678,382,22,76,2025-10-11 12:23:45.872852
17,Drone_22,12.910947,77.590969,176,17,117,2025-10-11 12:23:45.872863
17,Drone_23,12.977514,77.5855,353,42,130,2025-10-11 12:23:45.872874
17,Drone_24,12.926431,77.538583,263,27,97,2025-10-11 12:23:45.872885
17,Drone_25,12.918195,77.588313,364,11,103,2025-10-11 12:23:45.872897
17,Drone_26,12.980853,77.590601,88,49,257,2025-10-11 12:23:45.872908
17,Drone_27,12.959845,77.518488,264,11,334,2025-10-11 12:23:45.872919
17,Drone_28,12.919954,77.522767,184,40,332,2025-10-11 12:23:45.872930
17,Drone_29,12.914875,77.526451,102,15,319,2025-10-11 12:23:45.872941
17,Drone_30,12.904711,77.550058,126,21,266,2025-10-11 12:23:45.872952
18,Drone_1,12.911392,77.536656,252,40,152,2025-10-11 12:23:50.872610
18,Drone_2,12.91943,77.548814,63,37,246,2025-10-11 12:23:50.872632
18,Drone_3,12.958636,77.589615,107,11,163,2025-10-11 12:23:50.872645
18,Drone_4,12.988898,77.553071,215,41,142,2025-10-11 12:23:50.872657
18,Drone_5,12.991314,77.569647,400,15,183,2025-10-11 12:23:50.872669
18,Drone_6,12.991094,77.581444,83,40,84,2025-10-11 12:23:50.872681
18,Drone_7,12.988107,77.51065,120,40,121,2025-10-11 12:23:50.872694
18,Drone_8,12.910298,77.503147,305,11,200,2025-10-11 12:23:50.872706
18,Drone_9,12.957744,77.512367,174,47,51,2025-10-11 12:23:50.872718
18,Drone_10,12.911803,77.582601,293,41,359,2025-10-11 12:23:50.872729
18,Drone_11,12.983259,77.599376,226,45,5,2025-10-11 12:23:50.872740
18,Drone_12,12.9604,77.576451,90,43,198,2025-10-11 12:23:50.872752
18,Drone_13,12.938199,77.500134,352,45,161,2025-10-11 12:23:50.872763
18,Drone_14,12.98207,77.595178,111,14,133,2025-10-11 12:23:50.872774
18,Drone_15,12.981835,77.517541,173,37,321,2025-10-11 12:23:50.872785
18,Drone_16,12.898276,77.565905,48,10,52,2025-10-11 12:23:50.872797
18,Drone_17,12.973374,77.51338,280,19,10,2025-10-11 12:23:50.872808
18,Drone_18,12.911769,77.523092,164,25,79,2025-10-11 12:23:50.872819
18,Drone_19,12.92817,77.596589,150,14,66,2025-10-11 12:23:50.872830
18,Drone_20,12.984694,77.51446,166,39,154,2025-10-11 12:23:50.872841
18,Drone_21,12.998974,77.593172,379,22,76,2025-10-11 12:23:50.872852
18,Drone_22,12.911411,77.591129,174,17,117,2025-10-11 12:23:50.872863
18,Drone_23,12.977173,77.58552,349,42,130,2025-10-11 12:23:50.872874
18,Drone_24,12.925599,77.53908,263,27,97,2025-10-11 12:23:50.872885
18,Drone_25,12.917314,77.589212,362,11,103,2025-10-11 12:23:50.872897
18,Drone_26,12.980965,77.591349,91,49,257,2025-10-11 12:23:50.872908
18,Drone_27,12.959194,77.518478,263,11,334,2025-10-11 12:23:50.872919
18,Drone_28,12.919256,77.523628,187,40,332,2025-10-11 12:23:50.872930
18,Drone_29,12.914616,77.526126,104,15,319,2025-10-11 12:23:50.872941
18,Drone_30,12.905475,77.549394,125,21,266,2025-10-11 12:23:50.872952
19,Drone_1,12.910737,77.537007,253,40,152,2025-10-11 12:23:55.872610
19,Drone_2,12.918651,77.548676,60,37,246,2025-10-11 12:23:55.872632
19,Drone_3,12.95919,77.589728,105,11,163,2025-10-11 12:23:55.872645
19,Drone_4,12.988206,77.552881,210,41,142,2025-10-11 12:23:55.872657
19,Drone_5,12.991427,77.568673,397,15,183,2025-10-11 12:23:55.872669
19,Drone_6,12.99026,77.581367,79,40,84,2025-10-11 12:23:55.872681
19,Drone_7,12.987216,77.50971,122,40,121,2025-10-11 12:23:55.872694
19,Drone_8,12.909509,77.502682,308,11,200,2025-10-11 12:23:55.872706
19,Drone_9,12.957917,77.511445,176,47,51,2025-10-11 12:23:55.872718
19,Drone_10,12.912644,77.582747,297,41,359,2025-10-11 12:23:55.872729
19,Drone_11,12.983825,77.598629,226,45,5,2025-10-11 12:23:55.872740
19,Drone_12,12.960226,77.576323,90,43,198,2025-10-11 12:23:55.872752
19,Drone_13,12.937751,77.499954,349,45,161,2025-10-11 12:23:55.872763
19,Drone_14,12.98193,77.59511,112,14,133,2025-10-11 12:23:55.872774
19,Drone_15,12.982256,77.517625,173,37,321,2025-10-11 12:23:55.872785
19,Drone_16,12.898894,77.566642,46,10,52,2025-10-11 12:23:55.872797
19,Drone_17,12.972572,77.513573,280,19,10,2025-10-11 12:23:55.872808
19,Drone_18,12.912658,77.523029,163,25,79,2025-10-11 12:23:55.872819
19,Drone_19,12.927879,77.595769,151,14,66,2025-10-11 12:23:55.872830
19,Drone_20,12.984594,77.51374,164,39,154,2025-10-11 12:23:55.872841
19,Drone_21,12.999887,77.592415,378,22,76,2025-10-11 12:23:55.872852
19,Drone_22,12.911857,77.590426,175,17,117,2025-10-11 12:23:55.872863
19,Drone_23,12.976877,77.586456,353,42,130,2025-10-11 12:23:55.872874
19,Drone_24,12.92492,77.539977,267,27,97,2025-10-11 12:23:55.872885
19,Drone_25,12.917568,77.589637,365,11,103,2025-10-11 12:23:55.872897
19,Drone_26,12.980408,77.592281,92,49,257,2025-10-11 12:23:55.872908
19,Drone_27,12.958471,77.518944,267,11,334,2025-10-11 12:23:55.872919
19,Drone_28,12.9184,77.523878,188,40,332,2025-10-11 12:23:55.872930
19,Drone_29,12.913978,77.526123,100,15,319,2025-10-11 12:23:55.872941
19,Drone_30,12.905929,77.548906,120,21,266,2025-10-11 12:23:55.872952
